time,count
"2022-05-22T00:00:00Z",4
"2022-05-23T00:00:00Z",15
"2022-05-24T00:00:00Z",21
"2022-05-25T00:00:00Z",32
"2022-05-26T00:00:00Z",34
"2022-05-27T00:00:00Z",36
"2022-05-28T00:00:00Z",43
"2022-05-29T00:00:00Z",45
"2022-05-30T00:00:00Z",53
"2022-05-31T00:00:00Z",53
"2022-06-01T00:00:00Z",57
"2022-06-02T00:00:00Z",59
"2022-06-03T00:00:00Z",61
"2022-06-04T00:00:00Z",64
"2022-06-05T00:00:00Z",64
"2022-06-06T00:00:00Z",64
"2022-06-07T00:00:00Z",65
"2022-06-08T00:00:00Z",69
"2022-06-09T00:00:00Z",69
"2022-06-10T00:00:00Z",70
"2022-06-11T00:00:00Z",72
"2022-06-12T00:00:00Z",76
"2022-06-13T00:00:00Z",79
"2022-06-14T00:00:00Z",94
"2022-06-15T00:00:00Z",96
"2022-06-16T00:00:00Z",98
"2022-06-17T00:00:00Z",99
"2022-06-18T00:00:00Z",100
"2022-06-19T00:00:00Z",100
"2022-06-20T00:00:00Z",100
"2022-06-21T00:00:00Z",100
"2022-06-22T00:00:00Z",100
"2022-06-23T00:00:00Z",100
"2022-06-24T00:00:00Z",100
"2022-06-25T00:00:00Z",100
"2022-06-26T00:00:00Z",107
"2022-06-27T00:00:00Z",107
"2022-06-28T00:00:00Z",106
"2022-06-29T00:00:00Z",106
"2022-06-30T00:00:00Z",106
"2022-07-01T00:00:00Z",106
"2022-07-02T00:00:00Z",104
"2022-07-03T00:00:00Z",105
"2022-07-04T00:00:00Z",106
"2022-07-05T00:00:00Z",114
"2022-07-06T00:00:00Z",115
"2022-07-07T00:00:00Z",116
"2022-07-08T00:00:00Z",116
"2022-07-09T00:00:00Z",115
"2022-07-10T00:00:00Z",115
"2022-07-11T00:00:00Z",115
"2022-07-12T00:00:00Z",115
"2022-07-13T00:00:00Z",114
"2022-07-14T00:00:00Z",112
"2022-07-15T00:00:00Z",114
"2022-07-16T00:00:00Z",116
"2022-07-17T00:00:00Z",116
"2022-07-18T00:00:00Z",119
"2022-07-19T00:00:00Z",119
"2022-07-20T00:00:00Z",118
"2022-07-21T00:00:00Z",118
"2022-07-22T00:00:00Z",118
"2022-07-23T00:00:00Z",119
"2022-07-24T00:00:00Z",119
"2022-07-25T00:00:00Z",119
"2022-07-26T00:00:00Z",120
"2022-07-27T00:00:00Z",120
"2022-07-28T00:00:00Z",120
"2022-07-29T00:00:00Z",120
"2022-07-30T00:00:00Z",120
"2022-07-31T00:00:00Z",118
"2022-08-01T00:00:00Z",119
"2022-08-02T00:00:00Z",119
"2022-08-03T00:00:00Z",119
"2022-08-04T00:00:00Z",124
"2022-08-05T00:00:00Z",127
"2022-08-06T00:00:00Z",127
"2022-08-07T00:00:00Z",128
"2022-08-08T00:00:00Z",130
"2022-08-09T00:00:00Z",130
"2022-08-10T00:00:00Z",128
"2022-08-11T00:00:00Z",129
"2022-08-12T00:00:00Z",130
"2022-08-13T00:00:00Z",132
"2022-08-14T00:00:00Z",131
"2022-08-15T00:00:00Z",133
"2022-08-16T00:00:00Z",132
"2022-08-17T00:00:00Z",132
"2022-08-18T00:00:00Z",132
"2022-08-19T00:00:00Z",131
"2022-08-20T00:00:00Z",131
"2022-08-21T00:00:00Z",131
"2022-08-22T00:00:00Z",132
"2022-08-23T00:00:00Z",133
"2022-08-24T00:00:00Z",135
"2022-08-25T00:00:00Z",135
"2022-08-26T00:00:00Z",134
"2022-08-27T00:00:00Z",135
"2022-08-28T00:00:00Z",135
"2022-08-29T00:00:00Z",135
"2022-08-30T00:00:00Z",135
"2022-08-31T00:00:00Z",135
"2022-09-01T00:00:00Z",135
"2022-09-02T00:00:00Z",137
"2022-09-03T00:00:00Z",139
"2022-09-04T00:00:00Z",139
"2022-09-05T00:00:00Z",139
"2022-09-06T00:00:00Z",139
"2022-09-07T00:00:00Z",137
"2022-09-08T00:00:00Z",137
"2022-09-09T00:00:00Z",138
"2022-09-10T00:00:00Z",138
"2022-09-11T00:00:00Z",137
"2022-09-12T00:00:00Z",136
"2022-09-13T00:00:00Z",136
"2022-09-14T00:00:00Z",135
"2022-09-15T00:00:00Z",134
"2022-09-16T00:00:00Z",136
"2022-09-17T00:00:00Z",138
"2022-09-18T00:00:00Z",140
"2022-09-19T00:00:00Z",140
"2022-09-20T00:00:00Z",140
"2022-09-21T00:00:00Z",139
"2022-09-22T00:00:00Z",138
"2022-09-23T00:00:00Z",138
"2022-09-24T00:00:00Z",137
"2022-09-25T00:00:00Z",140
"2022-09-26T00:00:00Z",141
"2022-09-27T00:00:00Z",141
"2022-09-28T00:00:00Z",141
"2022-09-29T00:00:00Z",143
"2022-09-30T00:00:00Z",144
"2022-10-01T00:00:00Z",144
"2022-10-02T00:00:00Z",143
"2022-10-03T00:00:00Z",142
"2022-10-04T00:00:00Z",144
"2022-10-05T00:00:00Z",145
"2022-10-06T00:00:00Z",151
"2022-10-07T00:00:00Z",154
"2022-10-08T00:00:00Z",154
"2022-10-09T00:00:00Z",155
"2022-10-10T00:00:00Z",156
"2022-10-11T00:00:00Z",157
"2022-10-12T00:00:00Z",158
"2022-10-13T00:00:00Z",162
"2022-10-14T00:00:00Z",162
"2022-10-15T00:00:00Z",162
"2022-10-16T00:00:00Z",166
"2022-10-17T00:00:00Z",167
"2022-10-18T00:00:00Z",168
"2022-10-19T00:00:00Z",173
"2022-10-20T00:00:00Z",174
"2022-10-21T00:00:00Z",174
"2022-10-22T00:00:00Z",173
"2022-10-23T00:00:00Z",175
"2022-10-24T00:00:00Z",179
"2022-10-25T00:00:00Z",184
"2022-10-26T00:00:00Z",186
"2022-10-27T00:00:00Z",186
"2022-10-28T00:00:00Z",184
"2022-10-29T00:00:00Z",175
"2022-10-30T00:00:00Z",174
"2022-10-31T00:00:00Z",174
"2022-11-01T00:00:00Z",179
"2022-11-02T00:00:00Z",180
"2022-11-03T00:00:00Z",181
"2022-11-04T00:00:00Z",179
"2022-11-05T00:00:00Z",179
"2022-11-06T00:00:00Z",179
"2022-11-07T00:00:00Z",180
"2022-11-08T00:00:00Z",179
"2022-11-09T00:00:00Z",178
"2022-11-10T00:00:00Z",178
"2022-11-11T00:00:00Z",178
"2022-11-12T00:00:00Z",178
"2022-11-13T00:00:00Z",179
"2022-11-14T00:00:00Z",180
"2022-11-15T00:00:00Z",180
"2022-11-16T00:00:00Z",180
"2022-11-17T00:00:00Z",181
"2022-11-18T00:00:00Z",183
"2022-11-19T00:00:00Z",182
"2022-11-20T00:00:00Z",184
"2022-11-21T00:00:00Z",185
"2022-11-22T00:00:00Z",185
"2022-11-23T00:00:00Z",184
"2022-11-24T00:00:00Z",183
"2022-11-25T00:00:00Z",182
"2022-11-26T00:00:00Z",180
"2022-11-27T00:00:00Z",181
"2022-11-28T00:00:00Z",181
"2022-11-29T00:00:00Z",178
"2022-11-30T00:00:00Z",178
"2022-12-01T00:00:00Z",176
"2022-12-02T00:00:00Z",176
"2022-12-03T00:00:00Z",177
"2022-12-04T00:00:00Z",179
"2022-12-05T00:00:00Z",181
"2022-12-06T00:00:00Z",181
"2022-12-07T00:00:00Z",181
"2022-12-08T00:00:00Z",180
"2022-12-09T00:00:00Z",181
"2022-12-10T00:00:00Z",183
"2022-12-11T00:00:00Z",183
"2022-12-12T00:00:00Z",183
"2022-12-13T00:00:00Z",183
"2022-12-14T00:00:00Z",183
"2022-12-15T00:00:00Z",183
"2022-12-16T00:00:00Z",184
"2022-12-17T00:00:00Z",183
"2022-12-18T00:00:00Z",183
"2022-12-19T00:00:00Z",184
"2022-12-20T00:00:00Z",184
"2022-12-21T00:00:00Z",182
"2022-12-22T00:00:00Z",182
"2022-12-23T00:00:00Z",183
"2022-12-24T00:00:00Z",181
"2022-12-25T00:00:00Z",181
"2022-12-26T00:00:00Z",179
"2022-12-27T00:00:00Z",179
"2022-12-28T00:00:00Z",180
"2022-12-29T00:00:00Z",181
"2022-12-30T00:00:00Z",182
"2022-12-31T00:00:00Z",182
"2023-01-01T00:00:00Z",181
"2023-01-02T00:00:00Z",181
"2023-01-03T00:00:00Z",181
"2023-01-04T00:00:00Z",182
"2023-01-05T00:00:00Z",183
"2023-01-06T00:00:00Z",187
"2023-01-07T00:00:00Z",188
"2023-01-08T00:00:00Z",187
"2023-01-09T00:00:00Z",188
"2023-01-10T00:00:00Z",191
"2023-01-11T00:00:00Z",194
"2023-01-12T00:00:00Z",195
"2023-01-13T00:00:00Z",196
"2023-01-14T00:00:00Z",196
"2023-01-15T00:00:00Z",196
"2023-01-16T00:00:00Z",196
"2023-01-17T00:00:00Z",194
"2023-01-18T00:00:00Z",193
"2023-01-19T00:00:00Z",193
"2023-01-20T00:00:00Z",192
"2023-01-21T00:00:00Z",191
"2023-01-22T00:00:00Z",190
"2023-01-23T00:00:00Z",187
"2023-01-24T00:00:00Z",187
"2023-01-25T00:00:00Z",187
"2023-01-26T00:00:00Z",187
"2023-01-27T00:00:00Z",187
"2023-01-28T00:00:00Z",186
"2023-01-29T00:00:00Z",185
"2023-01-30T00:00:00Z",185
"2023-01-31T00:00:00Z",185
"2023-02-01T00:00:00Z",185
"2023-02-02T00:00:00Z",185
"2023-02-03T00:00:00Z",186
"2023-02-04T00:00:00Z",186
"2023-02-05T00:00:00Z",188
"2023-02-06T00:00:00Z",187
"2023-02-07T00:00:00Z",188
"2023-02-08T00:00:00Z",188
"2023-02-09T00:00:00Z",188
"2023-02-10T00:00:00Z",187
"2023-02-11T00:00:00Z",185
"2023-02-12T00:00:00Z",183
"2023-02-13T00:00:00Z",181
"2023-02-14T00:00:00Z",181
"2023-02-15T00:00:00Z",181
"2023-02-16T00:00:00Z",182
"2023-02-17T00:00:00Z",183
"2023-02-18T00:00:00Z",184
"2023-02-19T00:00:00Z",183
"2023-02-20T00:00:00Z",183
"2023-02-21T00:00:00Z",183
"2023-02-22T00:00:00Z",183
"2023-02-23T00:00:00Z",183
"2023-02-24T00:00:00Z",183
"2023-02-25T00:00:00Z",183
"2023-02-26T00:00:00Z",184
"2023-02-27T00:00:00Z",186
"2023-02-28T00:00:00Z",186
"2023-03-01T00:00:00Z",187
"2023-03-02T00:00:00Z",189
"2023-03-03T00:00:00Z",190
"2023-03-04T00:00:00Z",190
"2023-03-05T00:00:00Z",188
"2023-03-06T00:00:00Z",190
"2023-03-07T00:00:00Z",189
"2023-03-08T00:00:00Z",190
"2023-03-09T00:00:00Z",190
"2023-03-10T00:00:00Z",190
"2023-03-11T00:00:00Z",190
"2023-03-12T00:00:00Z",190
"2023-03-13T00:00:00Z",192
"2023-03-14T00:00:00Z",192
"2023-03-15T00:00:00Z",193
"2023-03-16T00:00:00Z",193
"2023-03-17T00:00:00Z",190
"2023-03-18T00:00:00Z",191
"2023-03-19T00:00:00Z",191
"2023-03-20T00:00:00Z",192
"2023-03-21T00:00:00Z",193
"2023-03-22T00:00:00Z",193
"2023-03-23T00:00:00Z",193
"2023-03-24T00:00:00Z",193
"2023-03-25T00:00:00Z",193
"2023-03-26T00:00:00Z",194
"2023-03-27T00:00:00Z",195
"2023-03-28T00:00:00Z",195
"2023-03-29T00:00:00Z",195
"2023-03-30T00:00:00Z",196
"2023-03-31T00:00:00Z",200
"2023-04-01T00:00:00Z",200
"2023-04-02T00:00:00Z",198
"2023-04-03T00:00:00Z",199
"2023-04-04T00:00:00Z",199
"2023-04-05T00:00:00Z",205
"2023-04-06T00:00:00Z",208
"2023-04-07T00:00:00Z",209
"2023-04-08T00:00:00Z",208
"2023-04-09T00:00:00Z",211
"2023-04-10T00:00:00Z",212
"2023-04-11T00:00:00Z",213
"2023-04-12T00:00:00Z",213
"2023-04-13T00:00:00Z",212
"2023-04-14T00:00:00Z",211
"2023-04-15T00:00:00Z",212
"2023-04-16T00:00:00Z",212
"2023-04-17T00:00:00Z",213
"2023-04-18T00:00:00Z",213
"2023-04-19T00:00:00Z",213
"2023-04-20T00:00:00Z",214
"2023-04-21T00:00:00Z",216
"2023-04-22T00:00:00Z",217
"2023-04-23T00:00:00Z",217
"2023-04-24T00:00:00Z",218
"2023-04-25T00:00:00Z",219
"2023-04-26T00:00:00Z",219
"2023-04-27T00:00:00Z",221
"2023-04-28T00:00:00Z",221
"2023-04-29T00:00:00Z",219
"2023-04-30T00:00:00Z",218
"2023-05-01T00:00:00Z",219
"2023-05-02T00:00:00Z",219
"2023-05-03T00:00:00Z",219
"2023-05-04T00:00:00Z",223
"2023-05-05T00:00:00Z",223
"2023-05-06T00:00:00Z",222
"2023-05-07T00:00:00Z",222
"2023-05-08T00:00:00Z",222
"2023-05-09T00:00:00Z",223
"2023-05-10T00:00:00Z",223
"2023-05-11T00:00:00Z",224
"2023-05-12T00:00:00Z",225
"2023-05-13T00:00:00Z",225
"2023-05-14T00:00:00Z",223
"2023-05-15T00:00:00Z",223
"2023-05-16T00:00:00Z",223
"2023-05-17T00:00:00Z",223
"2023-05-18T00:00:00Z",226
"2023-05-19T00:00:00Z",226
"2023-05-20T00:00:00Z",226
"2023-05-21T00:00:00Z",225
"2023-05-22T00:00:00Z",224
"2023-05-23T00:00:00Z",224
"2023-05-24T00:00:00Z",224
"2023-05-25T00:00:00Z",227
"2023-05-26T00:00:00Z",228
"2023-05-27T00:00:00Z",230
"2023-05-28T00:00:00Z",229
"2023-05-29T00:00:00Z",229
"2023-05-30T00:00:00Z",229
"2023-05-31T00:00:00Z",229
"2023-06-01T00:00:00Z",228
"2023-06-02T00:00:00Z",228
"2023-06-03T00:00:00Z",230
"2023-06-04T00:00:00Z",231
"2023-06-05T00:00:00Z",232
"2023-06-06T00:00:00Z",231
"2023-06-07T00:00:00Z",231
"2023-06-08T00:00:00Z",236
"2023-06-09T00:00:00Z",238
"2023-06-10T00:00:00Z",238
"2023-06-11T00:00:00Z",236
"2023-06-12T00:00:00Z",237
"2023-06-13T00:00:00Z",237
"2023-06-14T00:00:00Z",238
"2023-06-15T00:00:00Z",239
"2023-06-16T00:00:00Z",244
"2023-06-17T00:00:00Z",246
"2023-06-18T00:00:00Z",245
"2023-06-19T00:00:00Z",245
"2023-06-20T00:00:00Z",243
"2023-06-21T00:00:00Z",243
"2023-06-22T00:00:00Z",243
"2023-06-23T00:00:00Z",244
"2023-06-24T00:00:00Z",244
"2023-06-25T00:00:00Z",242
"2023-06-26T00:00:00Z",242
"2023-06-27T00:00:00Z",242
"2023-06-28T00:00:00Z",242
"2023-06-29T00:00:00Z",242
"2023-06-30T00:00:00Z",243
"2023-07-01T00:00:00Z",244
"2023-07-02T00:00:00Z",244
"2023-07-03T00:00:00Z",244
"2023-07-04T00:00:00Z",243
"2023-07-05T00:00:00Z",243
"2023-07-06T00:00:00Z",243
"2023-07-07T00:00:00Z",242
"2023-07-08T00:00:00Z",242
"2023-07-09T00:00:00Z",237
"2023-07-10T00:00:00Z",236
"2023-07-11T00:00:00Z",236
"2023-07-12T00:00:00Z",235
"2023-07-13T00:00:00Z",235
"2023-07-14T00:00:00Z",234
"2023-07-15T00:00:00Z",233
"2023-07-16T00:00:00Z",234
"2023-07-17T00:00:00Z",230
"2023-07-18T00:00:00Z",231
"2023-07-19T00:00:00Z",230
"2023-07-20T00:00:00Z",230
"2023-07-21T00:00:00Z",228
"2023-07-22T00:00:00Z",228
"2023-07-23T00:00:00Z",227
"2023-07-24T00:00:00Z",224
"2023-07-25T00:00:00Z",223
"2023-07-26T00:00:00Z",224
"2023-07-27T00:00:00Z",224
"2023-07-28T00:00:00Z",224
"2023-07-29T00:00:00Z",225
"2023-07-30T00:00:00Z",223
"2023-07-31T00:00:00Z",222
"2023-08-01T00:00:00Z",219
"2023-08-02T00:00:00Z",219
"2023-08-03T00:00:00Z",219
"2023-08-04T00:00:00Z",219
"2023-08-05T00:00:00Z",219
"2023-08-06T00:00:00Z",219
"2023-08-07T00:00:00Z",217
"2023-08-08T00:00:00Z",217
"2023-08-09T00:00:00Z",217
"2023-08-10T00:00:00Z",217
"2023-08-11T00:00:00Z",220
"2023-08-12T00:00:00Z",220
"2023-08-13T00:00:00Z",219
"2023-08-14T00:00:00Z",219
"2023-08-15T00:00:00Z",219
"2023-08-16T00:00:00Z",218
"2023-08-17T00:00:00Z",218
"2023-08-18T00:00:00Z",221
"2023-08-19T00:00:00Z",222
"2023-08-20T00:00:00Z",222
"2023-08-21T00:00:00Z",221
"2023-08-22T00:00:00Z",221
"2023-08-23T00:00:00Z",220
"2023-08-24T00:00:00Z",218
"2023-08-25T00:00:00Z",218
"2023-08-26T00:00:00Z",222
"2023-08-27T00:00:00Z",224
"2023-08-28T00:00:00Z",223
"2023-08-29T00:00:00Z",224
"2023-08-30T00:00:00Z",224
"2023-08-31T00:00:00Z",225
"2023-09-01T00:00:00Z",227
"2023-09-02T00:00:00Z",227
"2023-09-03T00:00:00Z",229
"2023-09-04T00:00:00Z",229
"2023-09-05T00:00:00Z",230
"2023-09-06T00:00:00Z",232
"2023-09-07T00:00:00Z",234
"2023-09-08T00:00:00Z",234
"2023-09-09T00:00:00Z",232
"2023-09-10T00:00:00Z",232
"2023-09-11T00:00:00Z",231
"2023-09-12T00:00:00Z",232
"2023-09-13T00:00:00Z",237
"2023-09-14T00:00:00Z",238
"2023-09-15T00:00:00Z",238
"2023-09-16T00:00:00Z",237
"2023-09-17T00:00:00Z",238
"2023-09-18T00:00:00Z",237
"2023-09-19T00:00:00Z",240
"2023-09-20T00:00:00Z",241
"2023-09-21T00:00:00Z",245
"2023-09-22T00:00:00Z",245
"2023-09-23T00:00:00Z",246
"2023-09-24T00:00:00Z",246
"2023-09-25T00:00:00Z",246
"2023-09-26T00:00:00Z",243
"2023-09-27T00:00:00Z",241
"2023-09-28T00:00:00Z",244
"2023-09-29T00:00:00Z",244
"2023-09-30T00:00:00Z",244
"2023-10-01T00:00:00Z",245
"2023-10-02T00:00:00Z",244
"2023-10-03T00:00:00Z",243
"2023-10-04T00:00:00Z",240
"2023-10-05T00:00:00Z",240
"2023-10-06T00:00:00Z",240
"2023-10-07T00:00:00Z",239
"2023-10-08T00:00:00Z",237
"2023-10-09T00:00:00Z",237
"2023-10-10T00:00:00Z",237
"2023-10-11T00:00:00Z",237
"2023-10-12T00:00:00Z",237
"2023-10-13T00:00:00Z",237
"2023-10-14T00:00:00Z",235
"2023-10-15T00:00:00Z",234
"2023-10-16T00:00:00Z",235
"2023-10-17T00:00:00Z",237
"2023-10-18T00:00:00Z",237
"2023-10-19T00:00:00Z",237
"2023-10-20T00:00:00Z",235
"2023-10-21T00:00:00Z",231
"2023-10-22T00:00:00Z",230
"2023-10-23T00:00:00Z",228
"2023-10-24T00:00:00Z",228
"2023-10-25T00:00:00Z",227
"2023-10-26T00:00:00Z",229
"2023-10-27T00:00:00Z",230
"2023-10-28T00:00:00Z",233
"2023-10-29T00:00:00Z",233
"2023-10-30T00:00:00Z",231
"2023-10-31T00:00:00Z",231
"2023-11-01T00:00:00Z",231
"2023-11-02T00:00:00Z",230
"2023-11-03T00:00:00Z",229
"2023-11-04T00:00:00Z",229
"2023-11-05T00:00:00Z",229
"2023-11-06T00:00:00Z",228
"2023-11-07T00:00:00Z",228
"2023-11-08T00:00:00Z",229
"2023-11-09T00:00:00Z",230
"2023-11-10T00:00:00Z",231
"2023-11-11T00:00:00Z",232
"2023-11-12T00:00:00Z",232
"2023-11-13T00:00:00Z",233
"2023-11-14T00:00:00Z",232
"2023-11-15T00:00:00Z",229
"2023-11-16T00:00:00Z",230
"2023-11-17T00:00:00Z",231
"2023-11-18T00:00:00Z",232
"2023-11-19T00:00:00Z",232
"2023-11-20T00:00:00Z",232
"2023-11-21T00:00:00Z",232
"2023-11-22T00:00:00Z",232
"2023-11-23T00:00:00Z",232
"2023-11-24T00:00:00Z",233
"2023-11-25T00:00:00Z",233
"2023-11-26T00:00:00Z",228
"2023-11-27T00:00:00Z",226
"2023-11-28T00:00:00Z",225
"2023-11-29T00:00:00Z",227
"2023-11-30T00:00:00Z",226
"2023-12-01T00:00:00Z",225
"2023-12-02T00:00:00Z",225
"2023-12-03T00:00:00Z",225
"2023-12-04T00:00:00Z",224
"2023-12-05T00:00:00Z",225
"2023-12-06T00:00:00Z",225
"2023-12-07T00:00:00Z",226
"2023-12-08T00:00:00Z",227
"2023-12-09T00:00:00Z",229
"2023-12-10T00:00:00Z",228
"2023-12-11T00:00:00Z",228
"2023-12-12T00:00:00Z",226
"2023-12-13T00:00:00Z",226
"2023-12-14T00:00:00Z",226
"2023-12-15T00:00:00Z",226
"2023-12-16T00:00:00Z",227
"2023-12-17T00:00:00Z",227
"2023-12-18T00:00:00Z",227
"2023-12-19T00:00:00Z",226
"2023-12-20T00:00:00Z",225
"2023-12-21T00:00:00Z",222
"2023-12-22T00:00:00Z",222
"2023-12-23T00:00:00Z",223
"2023-12-24T00:00:00Z",222
"2023-12-25T00:00:00Z",222
"2023-12-26T00:00:00Z",220
"2023-12-27T00:00:00Z",218
"2023-12-28T00:00:00Z",218
"2023-12-29T00:00:00Z",218
"2023-12-30T00:00:00Z",218
"2023-12-31T00:00:00Z",218
"2024-01-01T00:00:00Z",217
"2024-01-02T00:00:00Z",218
"2024-01-03T00:00:00Z",217
"2024-01-04T00:00:00Z",219
"2024-01-05T00:00:00Z",219
"2024-01-06T00:00:00Z",219
"2024-01-07T00:00:00Z",219
"2024-01-08T00:00:00Z",219
"2024-01-09T00:00:00Z",219
"2024-01-10T00:00:00Z",219
"2024-01-11T00:00:00Z",219
"2024-01-12T00:00:00Z",219
"2024-01-13T00:00:00Z",219
"2024-01-14T00:00:00Z",219
"2024-01-15T00:00:00Z",219
"2024-01-16T00:00:00Z",218
"2024-01-17T00:00:00Z",218
"2024-01-18T00:00:00Z",219
"2024-01-19T00:00:00Z",219
"2024-01-20T00:00:00Z",219
"2024-01-21T00:00:00Z",219
"2024-01-22T00:00:00Z",218
"2024-01-23T00:00:00Z",216
"2024-01-24T00:00:00Z",217
"2024-01-25T00:00:00Z",217
"2024-01-26T00:00:00Z",217
"2024-01-27T00:00:00Z",217
"2024-01-28T00:00:00Z",216
"2024-01-29T00:00:00Z",217
"2024-01-30T00:00:00Z",216
"2024-01-31T00:00:00Z",217
"2024-02-01T00:00:00Z",217
"2024-02-02T00:00:00Z",218
"2024-02-03T00:00:00Z",218
"2024-02-04T00:00:00Z",217
"2024-02-05T00:00:00Z",217
"2024-02-06T00:00:00Z",220
"2024-02-07T00:00:00Z",220
"2024-02-08T00:00:00Z",225
"2024-02-09T00:00:00Z",226
"2024-02-10T00:00:00Z",227
"2024-02-11T00:00:00Z",228
"2024-02-12T00:00:00Z",228
"2024-02-13T00:00:00Z",229
"2024-02-14T00:00:00Z",229
"2024-02-15T00:00:00Z",227
"2024-02-16T00:00:00Z",226
"2024-02-17T00:00:00Z",226
"2024-02-18T00:00:00Z",226
"2024-02-19T00:00:00Z",226
"2024-02-20T00:00:00Z",226
"2024-02-21T00:00:00Z",225
"2024-02-22T00:00:00Z",229
"2024-02-23T00:00:00Z",230
"2024-02-24T00:00:00Z",230
"2024-02-25T00:00:00Z",230
"2024-02-26T00:00:00Z",231
"2024-02-27T00:00:00Z",231
"2024-02-28T00:00:00Z",230
"2024-02-29T00:00:00Z",228
"2024-03-01T00:00:00Z",228
"2024-03-02T00:00:00Z",228
"2024-03-03T00:00:00Z",228
"2024-03-04T00:00:00Z",228
"2024-03-05T00:00:00Z",229
"2024-03-06T00:00:00Z",229
"2024-03-07T00:00:00Z",228
"2024-03-08T00:00:00Z",226
"2024-03-09T00:00:00Z",225
"2024-03-10T00:00:00Z",221
"2024-03-11T00:00:00Z",222
"2024-03-12T00:00:00Z",225
"2024-03-13T00:00:00Z",226
"2024-03-14T00:00:00Z",227
"2024-03-15T00:00:00Z",228
"2024-03-16T00:00:00Z",229
"2024-03-17T00:00:00Z",230
"2024-03-18T00:00:00Z",231
"2024-03-19T00:00:00Z",232
"2024-03-20T00:00:00Z",234
"2024-03-21T00:00:00Z",234
"2024-03-22T00:00:00Z",234
"2024-03-23T00:00:00Z",235
"2024-03-24T00:00:00Z",234
"2024-03-25T00:00:00Z",234
"2024-03-26T00:00:00Z",235
"2024-03-27T00:00:00Z",235
"2024-03-28T00:00:00Z",235
"2024-03-29T00:00:00Z",235
"2024-03-30T00:00:00Z",235
"2024-03-31T00:00:00Z",234
"2024-04-01T00:00:00Z",234
"2024-04-02T00:00:00Z",233
"2024-04-03T00:00:00Z",234
"2024-04-04T00:00:00Z",234
"2024-04-05T00:00:00Z",234
"2024-04-06T00:00:00Z",234
"2024-04-07T00:00:00Z",234
"2024-04-08T00:00:00Z",234
"2024-04-09T00:00:00Z",234
"2024-04-10T00:00:00Z",235
"2024-04-11T00:00:00Z",234
"2024-04-12T00:00:00Z",233
"2024-04-13T00:00:00Z",232
"2024-04-14T00:00:00Z",231
"2024-04-15T00:00:00Z",228
"2024-04-16T00:00:00Z",228
"2024-04-17T00:00:00Z",228
"2024-04-18T00:00:00Z",225
"2024-04-19T00:00:00Z",225
"2024-04-20T00:00:00Z",224
"2024-04-21T00:00:00Z",225
"2024-04-22T00:00:00Z",227
"2024-04-23T00:00:00Z",227
"2024-04-24T00:00:00Z",226
"2024-04-25T00:00:00Z",225
"2024-04-26T00:00:00Z",225
"2024-04-27T00:00:00Z",224
"2024-04-28T00:00:00Z",223
"2024-04-29T00:00:00Z",223
"2024-04-30T00:00:00Z",223
"2024-05-01T00:00:00Z",223
"2024-05-02T00:00:00Z",223
"2024-05-03T00:00:00Z",223
"2024-05-04T00:00:00Z",222
"2024-05-05T00:00:00Z",222
"2024-05-06T00:00:00Z",223
"2024-05-07T00:00:00Z",226
"2024-05-08T00:00:00Z",226
"2024-05-09T00:00:00Z",230
"2024-05-10T00:00:00Z",231
"2024-05-11T00:00:00Z",231
"2024-05-12T00:00:00Z",230
"2024-05-13T00:00:00Z",231
"2024-05-14T00:00:00Z",232
"2024-05-15T00:00:00Z",231
"2024-05-16T00:00:00Z",232
"2024-05-17T00:00:00Z",232
"2024-05-18T00:00:00Z",232
"2024-05-19T00:00:00Z",232
"2024-05-20T00:00:00Z",231
"2024-05-21T00:00:00Z",231
"2024-05-22T00:00:00Z",230
"2024-05-23T00:00:00Z",229
"2024-05-24T00:00:00Z",228
"2024-05-25T00:00:00Z",227
"2024-05-26T00:00:00Z",227
"2024-05-27T00:00:00Z",226
"2024-05-28T00:00:00Z",226
"2024-05-29T00:00:00Z",226
"2024-05-30T00:00:00Z",226
"2024-05-31T00:00:00Z",227
"2024-06-01T00:00:00Z",227
"2024-06-02T00:00:00Z",227
"2024-06-03T00:00:00Z",226
"2024-06-04T00:00:00Z",226
"2024-06-05T00:00:00Z",226
"2024-06-06T00:00:00Z",229
"2024-06-07T00:00:00Z",229
"2024-06-08T00:00:00Z",227
"2024-06-09T00:00:00Z",228
"2024-06-10T00:00:00Z",228
"2024-06-11T00:00:00Z",228
"2024-06-12T00:00:00Z",228
"2024-06-13T00:00:00Z",228
"2024-06-14T00:00:00Z",228
"2024-06-15T00:00:00Z",229
"2024-06-16T00:00:00Z",229
"2024-06-17T00:00:00Z",228
"2024-06-18T00:00:00Z",228
"2024-06-19T00:00:00Z",228
"2024-06-20T00:00:00Z",227
"2024-06-21T00:00:00Z",228
"2024-06-22T00:00:00Z",228
"2024-06-23T00:00:00Z",227
"2024-06-24T00:00:00Z",226
"2024-06-25T00:00:00Z",227
"2024-06-26T00:00:00Z",230
"2024-06-27T00:00:00Z",229
"2024-06-28T00:00:00Z",230
"2024-06-29T00:00:00Z",230
"2024-06-30T00:00:00Z",233
"2024-07-01T00:00:00Z",233
"2024-07-02T00:00:00Z",233
"2024-07-03T00:00:00Z",232
"2024-07-04T00:00:00Z",231
"2024-07-05T00:00:00Z",231
"2024-07-06T00:00:00Z",231
"2024-07-07T00:00:00Z",233
"2024-07-08T00:00:00Z",233
"2024-07-09T00:00:00Z",232
"2024-07-10T00:00:00Z",232
"2024-07-11T00:00:00Z",232
"2024-07-12T00:00:00Z",233
"2024-07-13T00:00:00Z",233
"2024-07-14T00:00:00Z",233
"2024-07-15T00:00:00Z",232
"2024-07-16T00:00:00Z",234
"2024-07-17T00:00:00Z",234
"2024-07-18T00:00:00Z",234
"2024-07-19T00:00:00Z",234
"2024-07-20T00:00:00Z",235
"2024-07-21T00:00:00Z",235
"2024-07-22T00:00:00Z",234
"2024-07-23T00:00:00Z",234
"2024-07-24T00:00:00Z",231
"2024-07-25T00:00:00Z",231
"2024-07-26T00:00:00Z",230
"2024-07-27T00:00:00Z",229
"2024-07-28T00:00:00Z",230
"2024-07-29T00:00:00Z",230
"2024-07-30T00:00:00Z",230
"2024-07-31T00:00:00Z",230
"2024-08-01T00:00:00Z",228
"2024-08-02T00:00:00Z",229
"2024-08-03T00:00:00Z",229
"2024-08-04T00:00:00Z",229
"2024-08-05T00:00:00Z",229
"2024-08-06T00:00:00Z",229
"2024-08-07T00:00:00Z",229
"2024-08-08T00:00:00Z",228
"2024-08-09T00:00:00Z",228
"2024-08-10T00:00:00Z",227
"2024-08-11T00:00:00Z",227
"2024-08-12T00:00:00Z",225
"2024-08-13T00:00:00Z",224
"2024-08-14T00:00:00Z",224
"2024-08-15T00:00:00Z",224
"2024-08-16T00:00:00Z",224
"2024-08-17T00:00:00Z",224
"2024-08-18T00:00:00Z",225
"2024-08-19T00:00:00Z",226
"2024-08-20T00:00:00Z",226
"2024-08-21T00:00:00Z",228
"2024-08-22T00:00:00Z",228
"2024-08-23T00:00:00Z",228
"2024-08-24T00:00:00Z",228
"2024-08-25T00:00:00Z",228
"2024-08-26T00:00:00Z",227
"2024-08-27T00:00:00Z",226
"2024-08-28T00:00:00Z",226
"2024-08-29T00:00:00Z",227
"2024-08-30T00:00:00Z",225
"2024-08-31T00:00:00Z",226
"2024-09-01T00:00:00Z",226
"2024-09-02T00:00:00Z",223
"2024-09-03T00:00:00Z",222
"2024-09-04T00:00:00Z",222
"2024-09-05T00:00:00Z",222
"2024-09-06T00:00:00Z",223
"2024-09-07T00:00:00Z",223
"2024-09-08T00:00:00Z",223
"2024-09-09T00:00:00Z",220
"2024-09-10T00:00:00Z",222
"2024-09-11T00:00:00Z",222
"2024-09-12T00:00:00Z",222
"2024-09-13T00:00:00Z",221
"2024-09-14T00:00:00Z",221
"2024-09-15T00:00:00Z",221
"2024-09-16T00:00:00Z",222
"2024-09-17T00:00:00Z",222
"2024-09-18T00:00:00Z",221
"2024-09-19T00:00:00Z",221
"2024-09-20T00:00:00Z",223
"2024-09-21T00:00:00Z",222
"2024-09-22T00:00:00Z",221
"2024-09-23T00:00:00Z",218
"2024-09-24T00:00:00Z",219
"2024-09-25T00:00:00Z",218
"2024-09-26T00:00:00Z",217
"2024-09-27T00:00:00Z",217
"2024-09-28T00:00:00Z",217
"2024-09-29T00:00:00Z",217
"2024-09-30T00:00:00Z",217
"2024-10-01T00:00:00Z",217
"2024-10-02T00:00:00Z",215
"2024-10-03T00:00:00Z",215
"2024-10-04T00:00:00Z",215
"2024-10-05T00:00:00Z",215
"2024-10-06T00:00:00Z",215
"2024-10-07T00:00:00Z",215
"2024-10-08T00:00:00Z",214
"2024-10-09T00:00:00Z",213
"2024-10-10T00:00:00Z",212
"2024-10-11T00:00:00Z",211
"2024-10-12T00:00:00Z",211
"2024-10-13T00:00:00Z",211
"2024-10-14T00:00:00Z",211
"2024-10-15T00:00:00Z",211
"2024-10-16T00:00:00Z",211
"2024-10-17T00:00:00Z",211
"2024-10-18T00:00:00Z",209
"2024-10-19T00:00:00Z",209
"2024-10-20T00:00:00Z",213
"2024-10-21T00:00:00Z",213
"2024-10-22T00:00:00Z",214
"2024-10-23T00:00:00Z",214
"2024-10-24T00:00:00Z",215
"2024-10-25T00:00:00Z",215
"2024-10-26T00:00:00Z",216
"2024-10-27T00:00:00Z",216
"2024-10-28T00:00:00Z",215
"2024-10-29T00:00:00Z",216
"2024-10-30T00:00:00Z",216
"2024-10-31T00:00:00Z",214
"2024-11-01T00:00:00Z",215
"2024-11-02T00:00:00Z",215
"2024-11-03T00:00:00Z",214
"2024-11-04T00:00:00Z",213
"2024-11-05T00:00:00Z",213
"2024-11-06T00:00:00Z",213
"2024-11-07T00:00:00Z",214
"2024-11-08T00:00:00Z",216
"2024-11-09T00:00:00Z",216
"2024-11-10T00:00:00Z",217
"2024-11-11T00:00:00Z",217
"2024-11-12T00:00:00Z",218
"2024-11-13T00:00:00Z",218
"2024-11-14T00:00:00Z",218
"2024-11-15T00:00:00Z",218
"2024-11-16T00:00:00Z",219
"2024-11-17T00:00:00Z",219
"2024-11-18T00:00:00Z",219
"2024-11-19T00:00:00Z",219
"2024-11-20T00:00:00Z",219
"2024-11-21T00:00:00Z",219
"2024-11-22T00:00:00Z",218
"2024-11-23T00:00:00Z",218
"2024-11-24T00:00:00Z",218
"2024-11-25T00:00:00Z",216
"2024-11-26T00:00:00Z",216
"2024-11-27T00:00:00Z",216
"2024-11-28T00:00:00Z",215
"2024-11-29T00:00:00Z",215
"2024-11-30T00:00:00Z",216
"2024-12-01T00:00:00Z",216
"2024-12-02T00:00:00Z",215
"2024-12-03T00:00:00Z",215
"2024-12-04T00:00:00Z",215
"2024-12-05T00:00:00Z",215
"2024-12-06T00:00:00Z",215
"2024-12-07T00:00:00Z",216
"2024-12-08T00:00:00Z",216
"2024-12-09T00:00:00Z",216
"2024-12-10T00:00:00Z",216
"2024-12-11T00:00:00Z",216
"2024-12-12T00:00:00Z",216
"2024-12-13T00:00:00Z",217
"2024-12-14T00:00:00Z",217
"2024-12-15T00:00:00Z",217
"2024-12-16T00:00:00Z",217
"2024-12-17T00:00:00Z",215
"2024-12-18T00:00:00Z",215
"2024-12-19T00:00:00Z",214
"2024-12-20T00:00:00Z",214
"2024-12-21T00:00:00Z",214
"2024-12-22T00:00:00Z",213
"2024-12-23T00:00:00Z",214
"2024-12-24T00:00:00Z",214
"2024-12-25T00:00:00Z",214
"2024-12-26T00:00:00Z",214
"2024-12-27T00:00:00Z",214
"2024-12-28T00:00:00Z",214
"2024-12-29T00:00:00Z",214
"2024-12-30T00:00:00Z",216
"2024-12-31T00:00:00Z",216
"2025-01-01T00:00:00Z",216
"2025-01-02T00:00:00Z",217
"2025-01-03T00:00:00Z",218
"2025-01-04T00:00:00Z",218
"2025-01-05T00:00:00Z",217
"2025-01-06T00:00:00Z",216
"2025-01-07T00:00:00Z",216
"2025-01-08T00:00:00Z",216
"2025-01-09T00:00:00Z",216
"2025-01-10T00:00:00Z",215
"2025-01-11T00:00:00Z",214
"2025-01-12T00:00:00Z",212
"2025-01-13T00:00:00Z",212
"2025-01-14T00:00:00Z",212
"2025-01-15T00:00:00Z",212
"2025-01-16T00:00:00Z",212
"2025-01-17T00:00:00Z",212
"2025-01-18T00:00:00Z",212
"2025-01-19T00:00:00Z",212
"2025-01-20T00:00:00Z",213
"2025-01-21T00:00:00Z",213
"2025-01-22T00:00:00Z",215
"2025-01-23T00:00:00Z",215
"2025-01-24T00:00:00Z",215
"2025-01-25T00:00:00Z",214
"2025-01-26T00:00:00Z",213
"2025-01-27T00:00:00Z",213
"2025-01-28T00:00:00Z",213
"2025-01-29T00:00:00Z",213
"2025-01-30T00:00:00Z",212
"2025-01-31T00:00:00Z",210
"2025-02-01T00:00:00Z",210
"2025-02-02T00:00:00Z",210
"2025-02-03T00:00:00Z",211
"2025-02-04T00:00:00Z",210
"2025-02-05T00:00:00Z",210
"2025-02-06T00:00:00Z",210
"2025-02-07T00:00:00Z",210
"2025-02-08T00:00:00Z",210
"2025-02-09T00:00:00Z",209
"2025-02-10T00:00:00Z",208
"2025-02-11T00:00:00Z",208
"2025-02-12T00:00:00Z",208
"2025-02-13T00:00:00Z",203
"2025-02-14T00:00:00Z",203
"2025-02-15T00:00:00Z",203
"2025-02-16T00:00:00Z",203
"2025-02-17T00:00:00Z",204
"2025-02-18T00:00:00Z",203
"2025-02-19T00:00:00Z",203
"2025-02-20T00:00:00Z",203
"2025-02-21T00:00:00Z",203
"2025-02-22T00:00:00Z",204
"2025-02-23T00:00:00Z",204
"2025-02-24T00:00:00Z",204
"2025-02-25T00:00:00Z",202
"2025-02-26T00:00:00Z",202
"2025-02-27T00:00:00Z",204
"2025-02-28T00:00:00Z",204
"2025-03-01T00:00:00Z",204
"2025-03-02T00:00:00Z",203
"2025-03-03T00:00:00Z",202
"2025-03-04T00:00:00Z",202
"2025-03-05T00:00:00Z",202
"2025-03-06T00:00:00Z",201
"2025-03-07T00:00:00Z",201
"2025-03-08T00:00:00Z",201
"2025-03-09T00:00:00Z",204
"2025-03-10T00:00:00Z",204
"2025-03-11T00:00:00Z",204
"2025-03-12T00:00:00Z",203
